/developers/organizations/,https://www.linaro.org/developers/
/developers/organizations,https://www.linaro.org/developers/
/developers/individuals/,https://www.linaro.org/developers/
/developers/individuals,https://www.linaro.org/developers/
/leg/,https://www.linaro.org/leg/servercluster/
/downloads-draft/,https://www.linaro.org/downloads/
/downloads-draft,https://www.linaro.org/downloads/
# Developer Services
/linaro-developer-services-android/,https://www.linaro.org/services/android/
/linaro-developer-services-android,https://www.linaro.org/services/android/
/services-linux/linux-kernel/,https://www.linaro.org/services/linux/kernel/
/services-linux/linux-kernel,https://www.linaro.org/services/linux/kernel/
/linaro-developer-services-96boards-2/,https://www.linaro.org/services/96boards/
/linaro-developer-services-96boards-2,https://www.linaro.org/services/96boards/
/linaro-developer-services-datacenteranddevelopercloud/,https://www.linaro.org/services/datacenter-developer-cloud/
/linaro-developer-services-datacenteranddevelopercloud,https://www.linaro.org/services/datacenter-developer-cloud/
/verification-testing-continuous-integration-ci/,https://www.linaro.org/services/verification-testing-ci/
/verification-testing-continuous-integration-ci,https://www.linaro.org/services/verification-testing-ci/
/training/,https://www.linaro.org/services/training/
/training,https://www.linaro.org/services/training/
/services-linux/security/,https://www.linaro.org/services/linux/security/
/services-linux/security,https://www.linaro.org/services/linux/security/
/services-linux/optimization-services/,https://www.linaro.org/services/linux/optimization-services/
/services-linux/optimization-services,https://www.linaro.org/services/linux/optimization-services/
/services-linux/,https://www.linaro.org/services/
/services-linux,https://www.linaro.org/services/
/services-linux/bootloaders/,https://www.linaro.org/services/linux/bootloaders/
/services-linux/bootloaders,https://www.linaro.org/services/linux/bootloaders/
/professional-services/index.html,https://www.linaro.org/services/
/professional-services,https://www.linaro.org/services/
# Companies Pages Redirects
/companies/96boards/index.html,https://www.linaro.org/company/
/companies/96boards,https://www.linaro.org/company/
/companies/96boards-mp/index.html,https://www.linaro.org/company/
/companies/96boards-mp,https://www.linaro.org/company/
/companies/96boards-mezzanine/index.html,https://www.linaro.org/company/
/companies/96boards-mezzanine,https://www.linaro.org/company/
/companies/96boards-sc/index.html,https://www.linaro.org/company/
/companies/96boards-sc,https://www.linaro.org/company/
/companies/archive/index.html,https://www.linaro.org/company/
/companies/archive,https://www.linaro.org/company/
/companies/club/index.html,https://www.linaro.org/company/
/companies/club,https://www.linaro.org/company/
/companies/community/index.html,https://www.linaro.org/company/
/companies/community,https://www.linaro.org/company/
/companies/core/index.html,https://www.linaro.org/company/
/companies/core,https://www.linaro.org/company/
/companies/group/index.html,https://www.linaro.org/company/
/companies/group,https://www.linaro.org/company/
/companies/initiatives/index.html,https://www.linaro.org/company/
/companies/initiatives,https://www.linaro.org/company/
/companies/leg/index.html,https://www.linaro.org/company/
/companies/leg,https://www.linaro.org/company/
/companies/lhg/index.html,https://www.linaro.org/company/
/companies/lhg,https://www.linaro.org/company/
/companies/lite/index.html,https://www.linaro.org/company/
/companies/lite,https://www.linaro.org/company/
/companies/lmg/index.html,https://www.linaro.org/company/
/companies/lmg,https://www.linaro.org/company/
/companies/lng/index.html,https://www.linaro.org/company/
/companies/lng,https://www.linaro.org/company/
# Authors
/author/shovan-sargunam/index.html,https://www.linaro.org/author/shovan/
/author/shovan-sargunam,https://www.linaro.org/author/shovan/
/author/baolinwang/index.html,https://www.linaro.org/author/baolin-wang/
/author/baolinwang,https://www.linaro.org/author/baolin-wang/
/author/arndbergmann/index.html,https://www.linaro.org/author/arnd-bergmann/
/author/arndbergmann,https://www.linaro.org/author/arnd-bergmann/
/author/davidmandala/index.html,https://www.linaro.org/author/david-mandala/
/author/davidmandala,https://www.linaro.org/author/david-mandala/
/author/edmundszeto/index.html,https://www.linaro.org/author/edmund-szeto/
/author/edmundszeto,https://www.linaro.org/author/edmund-szeto/
/author/ericauger/index.html,https://www.linaro.org/author/eric-auger/
/author/ericauger,https://www.linaro.org/author/eric-auger/
/author/jacopomondi/index.html,https://www.linaro.org/author/jacopo-mondi/
/author/jacopomondi,https://www.linaro.org/author/jacopo-mondi/
/author/leg/index.html,https://www.linaro.org/author/linaro/
/author/leg,https://www.linaro.org/author/linaro/
/author/linarocompany/index.html,https://www.linaro.org/author/linaro/
/author/linarocompany,https://www.linaro.org/author/linaro/
/author/linuswalleij/index.html,https://www.linaro.org/author/linus-walleij/
/author/linuswalleij,https://www.linaro.org/author/linus-walleij/
/author/markgregotski/index.html,https://www.linaro.org/author/mark-gregotski/
/author/markgregotski,https://www.linaro.org/author/mark-gregotski/
/author/webmaster/index.html,https://www.linaro.org/author/linaro/
/author/webmaster,https://www.linaro.org/author/linaro/
/author/andygross/index.html,https://www.linaro.org/author/andy-gross/
/author/andygross,https://www.linaro.org/author/andy-gross/
/author/chunyanzhang/index.html,https://www.linaro.org/author/chunyan-zhang/
/author/chunyanzhang,https://www.linaro.org/author/chunyan-zhang/
/author/kumargala/index.html,https://www.linaro.org/author/kumar-gala/
/author/kumargala,https://www.linaro.org/author/kumar-gala/
/author/ulfhansson/index.html,https://www.linaro.org/author/ulf-hansson/
/author/ulfhansson,https://www.linaro.org/author/ulf-hansson/
/author/mikeleach/index.html,https://www.linaro.org/author/mike-leach/
/author/mikeleach,https://www.linaro.org/author/mike-leach/
# Press Resources Redirects
/app/images/press/CMYK-LogoSet/CMYK-Linaro_Standard.eps,https://www.linaro.org/downloads/images/CMYK-Linaro_Standard.eps
/app/images/press/CMYK-LogoSet/CMYK-Linaro_Grey.eps,https://www.linaro.org/downloads/images/CMYK-Linaro_Grey.eps
/app/images/press/CMYK-LogoSet/CMYK-Linaro_StandardWhite.eps,https://www.linaro.org/downloads/images/CMYK-Linaro_StandardWhite.eps
/app/images/press/CMYK-LogoSet/CMYK-Linaro_White.eps,https://www.linaro.org/downloads/images/CMYK-Linaro_White.eps
/app/images/press/George_Grey_72dpi.jpg,https://www.linaro.org/downloads/images/George_Grey_72dpi.jpg
/app/images/press/George_Grey_Hi_Res.jpg,https://www.linaro.org/downloads/images/George_Grey_Hi_Res.jpg
/app/images/press/David_Rusling_72dpi.jpg,https://www.linaro.org/downloads/images/David_Rusling_72dpi.jpg
/app/images/press/David_Rusling_Hi_Res.jpg,https://www.linaro.org/downloads/images/David_Rusling_Hi_Res.jpg
/app/images/press/Mark_Orvek_72dpi.jpg,https://www.linaro.org/downloads/images/Mark_Orvek_72dpi.jpg
/app/images/press/Mark_Orvek_High_Res.jpg,https://www.linaro.org/downloads/images/Mark_Orvek_High_Res.jpg
/app/images/press/Rob_Booth_72dpi.jpg,https://www.linaro.org/downloads/images/Rob_Booth_72dpi.jpg
/app/images/press/Rob_Booth_Hi_Res.jpg,https://www.linaro.org/downloads/images/Rob_Booth_Hi_Res.jpg
/app/images/press/JoeBates.jpg,https://www.linaro.org/downloads/images/JoeBates.jpg
/app/images/press/Steve_Taylor_72_dpi.jpg,https://www.linaro.org/downloads/images/Steve_Taylor_72_dpi.jpg
/app/images/press/Steve_Taylor_Hi_Res.jpg,https://www.linaro.org/downloads/images/Steve_Taylor_Hi_Res.jpg
/app/images/press/linaro-logo-print.zip,https://www.linaro.org/downloads/images/linaro-logo-print.zip
# Blog Category Redirects
/blog/android-blog/index.html,https://www.linaro.org/blog/
/blog/android-blog,https://www.linaro.org/blog/
/blog/community-blog/index.html,https://www.linaro.org/blog/
/blog/community-blog,https://www.linaro.org/blog/
/blog/connect-update/index.html,https://www.linaro.org/blog/
/blog/connect-update,https://www.linaro.org/blog/
/blog/core-dump/index.html,https://www.linaro.org/blog/
/blog/core-dump,https://www.linaro.org/blog/
/blog/hangouts-on-air-update/index.html,https://www.linaro.org/blog/
/blog/hangouts-on-air-update,https://www.linaro.org/blog/
/blog/hardware-update/index.html,https://www.linaro.org/blog/
/blog/hardware-update,https://www.linaro.org/blog/
/blog/industry-blog/index.html,https://www.linaro.org/blog/
/blog/industry-blog,https://www.linaro.org/blog/
/blog/kernel-blog/index.html,https://www.linaro.org/blog/
/blog/kernel-blog,https://www.linaro.org/blog/
/blog/lava-blog/index.html,https://www.linaro.org/blog/
/blog/lava-blog,https://www.linaro.org/blog/
/blog/patch-highlights/index.html,https://www.linaro.org/blog/
/blog/patch-highlights,https://www.linaro.org/blog/
/blog/releases-blog/index.html,https://www.linaro.org/blog/
/blog/releases-blog,https://www.linaro.org/blog/
/blog/toolchain-blog/index.html,https://www.linaro.org/blog/
/blog/toolchain-blog,https://www.linaro.org/blog/
# Blog Post Redirects
/blog/connect-update/expect-linaro-connect-usa-2014/index.html,https://www.linaro.org/blog/expect-linaro-connect-usa-2014/
/blog/android-blog/android-development-made-easy-64-bit-armv8-platforms/index.html,https://www.linaro.org/blog/android-development-made-easy-64-bit-armv8-platforms/
/blog/android-blog/optimizing-sqlite-database-android/index.html,https://www.linaro.org/blog/optimizing-sqlite-database-android/
/blog/connect-update/linaro-connect-asia-2014-kicks-off-in-macau/index.html,https://www.linaro.org/blog/linaro-connect-asia-2014-kicks-off-in-macau/
/blog/connect-update/lca14-tuesday-recap/index.html,https://www.linaro.org/blog/lca14-tuesday-recap/
/blog/connect-update/wednesday-at-lca14/index.html,https://www.linaro.org/blog/wednesday-at-lca14/
/blog/connect-update/welcome-to-macau/index.html,https://www.linaro.org/blog/welcome-to-macau/
/blog/releases-blog/linaro-14-02-release-is-now-available-for-download/index.html,https://www.linaro.org/blog/linaro-14-02-release-is-now-available-for-download/
/blog/releases-blog/linaro-14-01-release-is-now-available-for-download/index.html,https://www.linaro.org/blog/linaro-14-01-release-is-now-available-for-download/
/blog/connect-update/linaro-connect-usa-2013-begins-monday-recap/index.html,https://www.linaro.org/blog/linaro-connect-usa-2013-begins-monday-recap/
/blog/connect-update/lcu13-tuesday-recap/index.html,https://www.linaro.org/blog/lcu13-tuesday-recap/
/blog/connect-update/lcu13-wednesday/index.html,https://www.linaro.org/blog/lcu13-wednesday/
/blog/releases-blog/linaro-13-10-released/index.html,https://www.linaro.org/blog/linaro-13-10-released/
/blog/releases-blog/linaro-13-11-released/index.html,https://www.linaro.org/blog/linaro-13-11-released/
/blog/kernel-blog/being-a-linaro-kernel-maintainer/index.html,https://www.linaro.org/blog/being-a-linaro-kernel-maintainer/
/blog/releases-blog/linaro-13-12-release-is-now-available-for-download/index.html,https://www.linaro.org/blog/linaro-13-12-release-is-now-available-for-download/
/blog/community-blog/android-can-be-optimized/index.html,https://www.linaro.org/blog/android-can-be-optimized/
/blog/connect-update/remote-participation-for-lcu13/index.html,https://www.linaro.org/blog/remote-participation-for-lcu13/
/blog/android-blog/linaro-stable-kernel-overview/index.html,https://www.linaro.org/blog/linaro-stable-kernel-overview/
/blog/lava-blog/29-aug-2013-lava-team-meeting-live-demos/index.html,https://www.linaro.org/blog/29-aug-2013-lava-team-meeting-live-demos/
/blog/android-blog/integrating-the-ion-memory-allocator/index.html,https://www.linaro.org/blog/integrating-the-ion-memory-allocator/
/blog/connect-update/back-to-the-future/index.html,https://www.linaro.org/blog/back-to-the-future/
/blog/releases-blog/linaro-13-09-released/index.html,https://www.linaro.org/blog/linaro-13-09-released/
/blog/connect-update/linaro-connect-europe-2103-demo-friday-videos/index.html,https://www.linaro.org/blog/linaro-connect-europe-2103-demo-friday-videos/
/blog/lava-blog/22-aug-2013-lava-team-meeting-live-demos/index.html,https://www.linaro.org/blog/22-aug-2013-lava-team-meeting-live-demos/
/blog/android-blog/converting-code-implementing-suspend-blockers/index.html,https://www.linaro.org/blog/converting-code-implementing-suspend-blockers/
/blog/releases-blog/linaro-13-08-released/index.html,https://www.linaro.org/blog/linaro-13-08-released/
/blog/connect-update/linaro-connect-europe-2013-keynote-speaker-videos/index.html,https://www.linaro.org/blog/linaro-connect-europe-2013-keynote-speaker-videos/
/blog/releases-blog/linaro-13-07-released/index.html,https://www.linaro.org/blog/linaro-13-07-released/
/blog/releases-blog/the-linaro-iks-code-now-publicly-available/index.html,https://www.linaro.org/blog/the-linaro-iks-code-now-publicly-available
/blog/community-blog/call-for-participation-your-demo-wanted-for-linaro-connect-europe-2013/index.html,https://www.linaro.org/blog/call-for-participation-your-demo-wanted-for-linaro-connect-europe-2013/
/blog/releases-blog/linaro-13-05-released/index.html,https://www.linaro.org/blog/linaro-13-05-released/
/blog/releases-blog/linaro-13-06-released/index.html,https://www.linaro.org/blog/linaro-13-06-released/
/blog/community-blog/welcome-to-linaro-connect-europe-2013/index.html,https://www.linaro.org/blog/welcome-to-linaro-connect-europe-2013/
/blog/community-blog/work-from-home-while-helping-to-build-the-future-of-linux-on-arm/index.html,https://www.linaro.org/blog/work-from-home-while-helping-to-build-the-future-of-linux-on-arm/
/blog/community-blog/soumya-basaks-highlights-from-linaro-connect-asia-2013-in-hong-kong/index.html,https://www.linaro.org/blog/soumya-basaks-highlights-from-linaro-connect-asia-2013-in-hong-kong/
/blog/releases-blog/linaro-13-03-released/index.html,https://www.linaro.org/blog/linaro-13-03-released/
/blog/connect-update/through-the-camera-eye-linaro-connect-asia-2013-a-review-in-pictures/index.html,https://www.linaro.org/blog/through-the-camera-eye-linaro-connect-asia-2013-a-review-in-pictures/
/blog/releases-blog/linaro-13-04-released/index.html,https://www.linaro.org/blog/linaro-13-04-released/
/blog/industry-blog/q1-2013-ceo-notes/index.html,https://www.linaro.org/blog/q1-2013-ceo-notes/
/blog/releases-blog/linaro-13-02-release-is-now-available/index.html,https://www.linaro.org/blog/linaro-13-02-release-is-now-available/
/blog/community-blog/open-collaboration-is-key-linaro-connect-day-2/index.html,https://www.linaro.org/blog/open-collaboration-is-key-linaro-connect-day-2/
/blog/community-blog/linaro-announces-keynote-speakers-for-linaro-connect-asia-2013/index.html,https://www.linaro.org/blog/linaro-announces-keynote-speakers-for-linaro-connect-asia-2013/
/blog/community-blog/linaro-android-team-to-participate-in-android-builders-summit-2013/index.html,https://www.linaro.org/blog/linaro-android-team-to-participate-in-android-builders-summit-2013/
/blog/community-blog/linaro-seeks-android-ubuntu-linux-kernel-engineer/index.html,https://www.linaro.org/blog/linaro-seeks-android-ubuntu-linux-kernel-engineer/
/blog/community-blog/arm-server-takes-the-spotlight-at-linaro-connect-asia-2013/index.html,https://www.linaro.org/blog/arm-server-takes-the-spotlight-at-linaro-connect-asia-2013/
/blog/community-blog/arm-leg-and-now-lng-linaro-forms-a-new-engineering-group/index.html,https://www.linaro.org/blog/arm-leg-and-now-lng-linaro-forms-a-new-engineering-group/
/blog/community-blog/lava-workshop-at-linaro-connect-asia-2013-in-hong-kong/index.html,https://www.linaro.org/blog/lava-workshop-at-linaro-connect-asia-2013-in-hong-kong/
/blog/community-blog/linaro-is-seeking-a-lava-lab-technician-validation/index.html,https://www.linaro.org/blog/linaro-is-seeking-a-lava-lab-technician-validation/
/blog/community-blog/karim-yaghmour-ceo-of-opersys-talks-about-the-upcoming-embedded-android-training-workshop/index.html,https://www.linaro.org/blog/karim-yaghmour-ceo-of-opersys-talks-about-the-upcoming-embedded-android-training-workshop/
/blog/android-blog/update-android-kernel-tools/index.html,https://www.linaro.org/blog/update-android-kernel-tools/
#
/blog/connect-update/expect-linaro-connect-usa-2014,https://www.linaro.org/blog/expect-linaro-connect-usa-2014/
/blog/android-blog/android-development-made-easy-64-bit-armv8-platforms,https://www.linaro.org/blog/android-development-made-easy-64-bit-armv8-platforms/
/blog/android-blog/optimizing-sqlite-database-android,https://www.linaro.org/blog/optimizing-sqlite-database-android/
/blog/connect-update/linaro-connect-asia-2014-kicks-off-in-macau,https://www.linaro.org/blog/linaro-connect-asia-2014-kicks-off-in-macau/
/blog/connect-update/lca14-tuesday-recap,https://www.linaro.org/blog/lca14-tuesday-recap/
/blog/connect-update/wednesday-at-lca14,https://www.linaro.org/blog/wednesday-at-lca14/
/blog/connect-update/welcome-to-macau,https://www.linaro.org/blog/welcome-to-macau/
/blog/releases-blog/linaro-14-02-release-is-now-available-for-download,https://www.linaro.org/blog/linaro-14-02-release-is-now-available-for-download/
/blog/releases-blog/linaro-14-01-release-is-now-available-for-download,https://www.linaro.org/blog/linaro-14-01-release-is-now-available-for-download/
/blog/connect-update/linaro-connect-usa-2013-begins-monday-recap,https://www.linaro.org/blog/linaro-connect-usa-2013-begins-monday-recap/
/blog/connect-update/lcu13-tuesday-recap,https://www.linaro.org/blog/lcu13-tuesday-recap/
/blog/connect-update/lcu13-wednesday,https://www.linaro.org/blog/lcu13-wednesday/
/blog/releases-blog/linaro-13-10-released,https://www.linaro.org/blog/linaro-13-10-released/
/blog/releases-blog/linaro-13-11-released,https://www.linaro.org/blog/linaro-13-11-released/
/blog/kernel-blog/being-a-linaro-kernel-maintainer,https://www.linaro.org/blog/being-a-linaro-kernel-maintainer/
/blog/releases-blog/linaro-13-12-release-is-now-available-for-download,https://www.linaro.org/blog/linaro-13-12-release-is-now-available-for-download/
/blog/community-blog/android-can-be-optimized,https://www.linaro.org/blog/android-can-be-optimized/
/blog/connect-update/remote-participation-for-lcu13,https://www.linaro.org/blog/remote-participation-for-lcu13/
/blog/android-blog/linaro-stable-kernel-overview,https://www.linaro.org/blog/linaro-stable-kernel-overview/
/blog/lava-blog/29-aug-2013-lava-team-meeting-live-demos,https://www.linaro.org/blog/29-aug-2013-lava-team-meeting-live-demos/
/blog/android-blog/integrating-the-ion-memory-allocator,https://www.linaro.org/blog/integrating-the-ion-memory-allocator/
/blog/connect-update/back-to-the-future,https://www.linaro.org/blog/back-to-the-future/
/blog/releases-blog/linaro-13-09-released,https://www.linaro.org/blog/linaro-13-09-released/
/blog/connect-update/linaro-connect-europe-2103-demo-friday-videos,https://www.linaro.org/blog/linaro-connect-europe-2103-demo-friday-videos/
/blog/lava-blog/22-aug-2013-lava-team-meeting-live-demos,https://www.linaro.org/blog/22-aug-2013-lava-team-meeting-live-demos/
/blog/android-blog/converting-code-implementing-suspend-blockers,https://www.linaro.org/blog/converting-code-implementing-suspend-blockers/
/blog/releases-blog/linaro-13-08-released,https://www.linaro.org/blog/linaro-13-08-released/
/blog/connect-update/linaro-connect-europe-2013-keynote-speaker-videos,https://www.linaro.org/blog/linaro-connect-europe-2013-keynote-speaker-videos/
/blog/releases-blog/linaro-13-07-released,https://www.linaro.org/blog/linaro-13-07-released/
/blog/releases-blog/the-linaro-iks-code-now-publicly-available,https://www.linaro.org/blog/the-linaro-iks-code-now-publicly-available
/blog/community-blog/call-for-participation-your-demo-wanted-for-linaro-connect-europe-2013,https://www.linaro.org/blog/call-for-participation-your-demo-wanted-for-linaro-connect-europe-2013/
/blog/releases-blog/linaro-13-05-released,https://www.linaro.org/blog/linaro-13-05-released/
/blog/releases-blog/linaro-13-06-released,https://www.linaro.org/blog/linaro-13-06-released/
/blog/community-blog/welcome-to-linaro-connect-europe-2013,https://www.linaro.org/blog/welcome-to-linaro-connect-europe-2013/
/blog/community-blog/work-from-home-while-helping-to-build-the-future-of-linux-on-arm,https://www.linaro.org/blog/work-from-home-while-helping-to-build-the-future-of-linux-on-arm/
/blog/community-blog/soumya-basaks-highlights-from-linaro-connect-asia-2013-in-hong-kong,https://www.linaro.org/blog/soumya-basaks-highlights-from-linaro-connect-asia-2013-in-hong-kong/
/blog/releases-blog/linaro-13-03-released,https://www.linaro.org/blog/linaro-13-03-released/
/blog/connect-update/through-the-camera-eye-linaro-connect-asia-2013-a-review-in-pictures,https://www.linaro.org/blog/through-the-camera-eye-linaro-connect-asia-2013-a-review-in-pictures/
/blog/releases-blog/linaro-13-04-released,https://www.linaro.org/blog/linaro-13-04-released/
/blog/industry-blog/q1-2013-ceo-notes,https://www.linaro.org/blog/q1-2013-ceo-notes/
/blog/releases-blog/linaro-13-02-release-is-now-available,https://www.linaro.org/blog/linaro-13-02-release-is-now-available/
/blog/community-blog/open-collaboration-is-key-linaro-connect-day-2,https://www.linaro.org/blog/open-collaboration-is-key-linaro-connect-day-2/
/blog/community-blog/linaro-announces-keynote-speakers-for-linaro-connect-asia-2013,https://www.linaro.org/blog/linaro-announces-keynote-speakers-for-linaro-connect-asia-2013/
/blog/community-blog/linaro-android-team-to-participate-in-android-builders-summit-2013,https://www.linaro.org/blog/linaro-android-team-to-participate-in-android-builders-summit-2013/
/blog/community-blog/linaro-seeks-android-ubuntu-linux-kernel-engineer,https://www.linaro.org/blog/linaro-seeks-android-ubuntu-linux-kernel-engineer/
/blog/community-blog/arm-server-takes-the-spotlight-at-linaro-connect-asia-2013,https://www.linaro.org/blog/arm-server-takes-the-spotlight-at-linaro-connect-asia-2013/
/blog/community-blog/arm-leg-and-now-lng-linaro-forms-a-new-engineering-group,https://www.linaro.org/blog/arm-leg-and-now-lng-linaro-forms-a-new-engineering-group/
/blog/community-blog/lava-workshop-at-linaro-connect-asia-2013-in-hong-kong,https://www.linaro.org/blog/lava-workshop-at-linaro-connect-asia-2013-in-hong-kong/
/blog/community-blog/linaro-is-seeking-a-lava-lab-technician-validation,https://www.linaro.org/blog/linaro-is-seeking-a-lava-lab-technician-validation/
/blog/community-blog/karim-yaghmour-ceo-of-opersys-talks-about-the-upcoming-embedded-android-training-workshop,https://www.linaro.org/blog/karim-yaghmour-ceo-of-opersys-talks-about-the-upcoming-embedded-android-training-workshop/
/blog/android-blog/update-android-kernel-tools,https://www.linaro.org/blog/update-android-kernel-tools/
#
/blog/community-blog/getting-involved-with-linaro/index.html,https://www.linaro.org/blog/getting-involved-with-linaro/
/blog/industry-blog/summary-of-the-android-mini-summit-at-connect-copenhagen-2012/index.html,https://www.linaro.org/blog/summary-of-the-android-mini-summit-at-connect-copenhagen-2012/
/blog/industry-blog/the-future-of-linux-on-arm-shines-in-the-3-7-kernel/index.html,https://www.linaro.org/blog/the-future-of-linux-on-arm-shines-in-the-3-7-kernel/
/blog/lava-blog/linaro-wants-you-qa-support-engineer-seoul-korea/index.html,https://www.linaro.org/blog/linaro-wants-you-qa-support-engineer-seoul-korea/
/blog/industry-blog/linaro-ctos-end-of-year-report-2012/index.html,https://www.linaro.org/blog/linaro-ctos-end-of-year-report-2012/
/blog/connect-update/uefi-mini-sprint-at-cambridge-from-11-13-dec-2012/index.html,https://www.linaro.org/blog/uefi-mini-sprint-at-cambridge-from-11-13-dec-2012/
/blog/releases-blog/linaro-12-12-release-now-available/index.html,https://www.linaro.org/blog/linaro-12-12-release-now-available/
/blog/releases-blog/linaro-enterprise-group-leg-releases-its-12-12-engineering-preview/index.html,https://www.linaro.org/blog/linaro-enterprise-group-leg-releases-its-12-12-engineering-preview/
/blog/community-blog/linaro-hangouts-on-air-openness-why-it-is-not-optional/index.html,https://www.linaro.org/blog/linaro-hangouts-on-air-openness-why-it-is-not-optional/
/blog/releases-blog/linaro-13-01-released/index.html,https://www.linaro.org/blog/linaro-13-01-released/
/blog/industry-blog/linaro-12-09-release-now-available/index.html,https://www.linaro.org/blog/linaro-12-09-release-now-available/
/blog/community-blog/lce12-copenhagen-android-mini-summit-schedule-now-available/index.html,https://www.linaro.org/blog/lce12-copenhagen-android-mini-summit-schedule-now-available/
/blog/community-blog/lce-12-copenhagen-remote-participation/index.html,https://www.linaro.org/blog/lce-12-copenhagen-remote-participation/
/blog/releases-blog/linaro-armv8-downloads-now-available/index.html,https://www.linaro.org/blog/linaro-armv8-downloads-now-available/
/blog/community-blog/linaro-12-10-release-is-now-available/index.html,https://www.linaro.org/blog/linaro-12-10-release-is-now-available/
/blog/industry-blog/look-whos-talking-now-interviews-from-lce12-copenhagen/index.html,https://www.linaro.org/blog/look-whos-talking-now-interviews-from-lce12-copenhagen/
/blog/industry-blog/why-openness-is-not-optional/index.html,https://www.linaro.org/blog/why-openness-is-not-optional/
/blog/community-blog/andrea-gallo-of-linaro-explains-leg/index.html,https://www.linaro.org/blog/andrea-gallo-of-linaro-explains-leg/
/blog/community-blog/watch-lava-erupt-with-growth-as-new-tests-are-added/index.html,https://www.linaro.org/blog/watch-lava-erupt-with-growth-as-new-tests-are-added/
/blog/releases-blog/linaro-12-11-now-available/index.html,https://www.linaro.org/blog/linaro-12-11-now-available/
/blog/hardware-update/linaro-android-jellybean-on-galaxy-nexus-gsm-speeding-up-phones/index.html,https://www.linaro.org/blog/linaro-android-jellybean-on-galaxy-nexus-gsm-speeding-up-phones/
/blog/releases-blog/linaro-12-08-release-is-now-available/index.html,https://www.linaro.org/blog/linaro-12-08-release-is-now-available/
/blog/industry-blog/linaros-partner-adeneo-embedded-expands-its-european-reach-with-local-office-in-germany/index.html,https://www.linaro.org/blog/linaros-partner-adeneo-embedded-expands-its-european-reach-with-local-office-in-germany/
/blog/connect-update/august-2012-ceo-report/index.html,https://www.linaro.org/blog/august-2012-ceo-report/
/blog/community-blog/linaro-android-mini-summit-to-be-held-at-lce-12-in-copenhagen/index.html,https://www.linaro.org/blog/linaro-android-mini-summit-to-be-held-at-lce-12-in-copenhagen/
/blog/connect-update/lce-12-copenhagen-demo-friday-call-for-participation/index.html,https://www.linaro.org/blog/lce-12-copenhagen-demo-friday-call-for-participation/
/blog/industry-blog/want-to-learn-more-about-arms-cortex-a-series-of-processors/index.html,https://www.linaro.org/blog/want-to-learn-more-about-arms-cortex-a-series-of-processors/
/blog/android-blog/trying-the-jellybean-on-samsungs-origen-board/index.html,https://www.linaro.org/blog/trying-the-jellybean-on-samsungs-origen-board/
/blog/android-blog/using-ds-5-on-galaxy-nexus-running-aosp-4-0-4/index.html,https://www.linaro.org/blog/using-ds-5-on-galaxy-nexus-running-aosp-4-0-4/
/blog/industry-blog/june-2012-ceo-report/index.html,https://www.linaro.org/blog/june-2012-ceo-report/
/blog/releases-blog/linaro-12-07-released/index.html,https://www.linaro.org/blog/linaro-12-07-released/
/blog/releases-blog/linaro-qemu-2012-04-released/index.html,https://www.linaro.org/blog/linaro-qemu-2012-04-released/
/blog/releases-blog/linaro-gdb-7-4-2012-04-released/index.html,https://www.linaro.org/blog/linaro-gdb-7-4-2012-04-released/
/blog/industry-blog/be-a-show-off-and-highlight-your-work-demo-friday-call-for-participation-opens/index.html,https://www.linaro.org/blog/be-a-show-off-and-highlight-your-work-demo-friday-call-for-participation-opens/
/blog/community-blog/android-multimedia-on-origen-12-03/index.html,https://www.linaro.org/blog/android-multimedia-on-origen-12-03/
/blog/releases-blog/linaro-toolchain-binaries-2012-04-released/index.html,https://www.linaro.org/blog/linaro-toolchain-binaries-2012-04-released/
/blog/releases-blog/linaro-12-04-released/index.html,https://www.linaro.org/blog/linaro-12-04-released/
/blog/community-blog/linaro-android-running-on-galaxy-nexus/index.html,https://www.linaro.org/blog/linaro-android-running-on-galaxy-nexus/
/blog/releases-blog/linaro-android-toolchain-nightly-builds-available/index.html,https://www.linaro.org/blog/linaro-android-toolchain-nightly-builds-available/
/blog/industry-blog/cant-miss-demos-at-linaro-connect-in-hong-kong-announced/index.html,https://www.linaro.org/blog/cant-miss-demos-at-linaro-connect-in-hong-kong-announced/
/blog/industry-blog/linaro-connect-q2-12-day-1-session-videos-now-available/index.html,https://www.linaro.org/blog/linaro-connect-q2-12-day-1-session-videos-now-available/
/blog/industry-blog/march-2012-ceo-report/index.html,https://www.linaro.org/blog/march-2012-ceo-report/
/blog/releases-blog/linaro-gcc-4-7-and-4-6-2012-04-released/index.html,https://www.linaro.org/blog/linaro-gcc-4-7-and-4-6-2012-04-released/
/blog/hardware-update/the-linaro-android-platform-team-period-march-7-to-march-13/index.html,https://www.linaro.org/blog/the-linaro-android-platform-team-period-march-7-to-march-13/
/blog/android-blog/androidization-of-linux-kernel/index.html,https://www.linaro.org/blog/androidization-of-linux-kernel/
/blog/industry-blog/february-2012-ceo-report/index.html,https://www.linaro.org/blog/february-2012-ceo-report/
/blog/community-blog/the-linaro-android-platform-team-period-march-14-to-march-20/index.html,https://www.linaro.org/blog/the-linaro-android-platform-team-period-march-14-to-march-20/
/blog/industry-blog/linaro-connect-q1-12-full-video-list-now-available/index.html,https://www.linaro.org/blog/linaro-connect-q1-12-full-video-list-now-available/
/blog/community-blog/linaro-android-updated-to-4-0-4/index.html,https://www.linaro.org/blog/linaro-android-updated-to-4-0-4/
/blog/releases-blog/linaro-12-03-release/index.html,https://www.linaro.org/blog/linaro-12-03-release/
/blog/community-blog/linaro-releases-android-5-0-0-jujube/index.html,https://www.linaro.org/blog/linaro-releases-android-5-0-0-jujube/
/blog/community-blog/whats-new-in-the-12-03-linaro-android-origen-release/index.html,https://www.linaro.org/blog/whats-new-in-the-12-03-linaro-android-origen-release/
/blog/releases-blog/ubuntu-linaro-evaluation-build-2012-03-1-for-snowball/index.html,https://www.linaro.org/blog/ubuntu-linaro-evaluation-build-2012-03-1-for-snowball/
/blog/community-blog/the-linaro-android-platform-team-period-feb-17-to-feb-23/index.html,https://www.linaro.org/blog/the-linaro-android-platform-team-period-feb-17-to-feb-23/
/blog/community-blog/linaro-android-gets-ready-for-gcc-4-7/index.html,https://www.linaro.org/blog/linaro-android-gets-ready-for-gcc-4-7/
/blog/connect-update/demo-friday-at-linaro-connect-q1-12-to-show-the-latest-linux-developments-on-arm/index.html,https://www.linaro.org/blog/demo-friday-at-linaro-connect-q1-12-to-show-the-latest-linux-developments-on-arm/
/blog/releases-blog/linaro-12-01-release/index.html,https://www.linaro.org/blog/linaro-12-01-release/
/blog/android-blog/the-linaro-android-platform-team-period-jan-18-to-jan-25/index.html,https://www.linaro.org/blog/the-linaro-android-platform-team-period-jan-18-to-jan-25/
/blog/industry-blog/january-2012-ceo-report/index.html,https://www.linaro.org/blog/january-2012-ceo-report/
/blog/industry-blog/the-linaro-android-platform-team-period-feb-02-to-feb-16/index.html,https://www.linaro.org/blog/the-linaro-android-platform-team-period-feb-02-to-feb-16/
/blog/releases-blog/linaro-12-02-released/index.html,https://www.linaro.org/blog/linaro-12-02-released/
/blog/industry-blog/november-ceo-report/index.html,https://www.linaro.org/blog/november-ceo-report/
/blog/community-blog/linaro-offers-accelerated-builds-of-androids-ice-cream-sandwich/index.html,https://www.linaro.org/blog/linaro-offers-accelerated-builds-of-androids-ice-cream-sandwich/
/blog/releases-blog/the-linaro-android-platform-team-period-dec-14-to-dec-20/index.html,https://www.linaro.org/blog/the-linaro-android-platform-team-period-dec-14-to-dec-20/
/blog/releases-blog/linaro-11-12-released/index.html,https://www.linaro.org/blog/linaro-11-12-released/
/blog/android-blog/the-linaro-android-platform-team-period-dec-21-to-dec-27/index.html,https://www.linaro.org/blog/the-linaro-android-platform-team-period-dec-21-to-dec-27/
/blog/android-blog/the-linaro-android-platform-team-period-dec-28-to-jan-03/index.html,https://www.linaro.org/blog/the-linaro-android-platform-team-period-dec-28-to-jan-03/
/blog/hardware-update/fxis-cotton-candy-at-ces-leverages-open-source-tools-from-linaro-for-rapid-development/index.html,https://www.linaro.org/blog/fxis-cotton-candy-at-ces-leverages-open-source-tools-from-linaro-for-rapid-development/
/blog/patch-highlights/linaros-emphasis-on-dma_buf-in-the-3-3-linux-kernel/index.html,https://www.linaro.org/blog/linaros-emphasis-on-dma_buf-in-the-3-3-linux-kernel/
/blog/releases-blog/linaro-qemu-2012-01-released/index.html,https://www.linaro.org/blog/linaro-qemu-2012-01-released/
/blog/releases-blog/linaro-gcc-4-6-and-4-5-2012-01-released/index.html,https://www.linaro.org/blog/linaro-gcc-4-6-and-4-5-2012-01-released/
/blog/android-blog/the-linaro-android-platform-team-period-jan-11-to-jan-18/index.html,https://www.linaro.org/blog/the-linaro-android-platform-team-period-jan-11-to-jan-18/
/blog/releases-blog/linaro-gdb-7-3-2011-12-released/index.html,https://www.linaro.org/blog/linaro-gdb-7-3-2011-12-released/
/blog/releases-blog/linaro-qemu-2011-12-released/index.html,https://www.linaro.org/blog/linaro-qemu-2011-12-released/
/blog/android-blog/the-linaro-android-platform-team-is-busy-as-always/index.html,https://www.linaro.org/blog/the-linaro-android-platform-team-is-busy-as-always/
/blog/community-blog/linaro-announces-community-contributor-process-and-team/index.html,https://www.linaro.org/blog/linaro-announces-community-contributor-process-and-team/
/blog/releases-blog/linaro-gcc-4-6-4-5-2011-12-released/index.html,https://www.linaro.org/blog/linaro-gcc-4-6-4-5-2011-12-released/
/blog/android-blog/the-linaro-android-platform-team-period-dec-06-to-dec-13/index.html,https://www.linaro.org/blog/the-linaro-android-platform-team-period-dec-06-to-dec-13/
/blog/community-blog/getting-involved-with-linaro,https://www.linaro.org/blog/getting-involved-with-linaro/
/blog/industry-blog/summary-of-the-android-mini-summit-at-connect-copenhagen-2012,https://www.linaro.org/blog/summary-of-the-android-mini-summit-at-connect-copenhagen-2012/
/blog/industry-blog/the-future-of-linux-on-arm-shines-in-the-3-7-kernel,https://www.linaro.org/blog/the-future-of-linux-on-arm-shines-in-the-3-7-kernel/
/blog/lava-blog/linaro-wants-you-qa-support-engineer-seoul-korea,https://www.linaro.org/blog/linaro-wants-you-qa-support-engineer-seoul-korea/
/blog/industry-blog/linaro-ctos-end-of-year-report-2012,https://www.linaro.org/blog/linaro-ctos-end-of-year-report-2012/
/blog/connect-update/uefi-mini-sprint-at-cambridge-from-11-13-dec-2012,https://www.linaro.org/blog/uefi-mini-sprint-at-cambridge-from-11-13-dec-2012/
/blog/releases-blog/linaro-12-12-release-now-available,https://www.linaro.org/blog/linaro-12-12-release-now-available/
/blog/releases-blog/linaro-enterprise-group-leg-releases-its-12-12-engineering-preview,https://www.linaro.org/blog/linaro-enterprise-group-leg-releases-its-12-12-engineering-preview/
/blog/community-blog/linaro-hangouts-on-air-openness-why-it-is-not-optional,https://www.linaro.org/blog/linaro-hangouts-on-air-openness-why-it-is-not-optional/
/blog/releases-blog/linaro-13-01-released,https://www.linaro.org/blog/linaro-13-01-released/
/blog/industry-blog/linaro-12-09-release-now-available,https://www.linaro.org/blog/linaro-12-09-release-now-available/
/blog/community-blog/lce12-copenhagen-android-mini-summit-schedule-now-available,https://www.linaro.org/blog/lce12-copenhagen-android-mini-summit-schedule-now-available/
/blog/community-blog/lce-12-copenhagen-remote-participation,https://www.linaro.org/blog/lce-12-copenhagen-remote-participation/
/blog/releases-blog/linaro-armv8-downloads-now-available,https://www.linaro.org/blog/linaro-armv8-downloads-now-available/
/blog/community-blog/linaro-12-10-release-is-now-available,https://www.linaro.org/blog/linaro-12-10-release-is-now-available/
/blog/industry-blog/look-whos-talking-now-interviews-from-lce12-copenhagen,https://www.linaro.org/blog/look-whos-talking-now-interviews-from-lce12-copenhagen/
/blog/industry-blog/why-openness-is-not-optional,https://www.linaro.org/blog/why-openness-is-not-optional/
/blog/community-blog/andrea-gallo-of-linaro-explains-leg,https://www.linaro.org/blog/andrea-gallo-of-linaro-explains-leg/
/blog/community-blog/watch-lava-erupt-with-growth-as-new-tests-are-added,https://www.linaro.org/blog/watch-lava-erupt-with-growth-as-new-tests-are-added/
/blog/releases-blog/linaro-12-11-now-available,https://www.linaro.org/blog/linaro-12-11-now-available/
/blog/hardware-update/linaro-android-jellybean-on-galaxy-nexus-gsm-speeding-up-phones,https://www.linaro.org/blog/linaro-android-jellybean-on-galaxy-nexus-gsm-speeding-up-phones/
/blog/releases-blog/linaro-12-08-release-is-now-available,https://www.linaro.org/blog/linaro-12-08-release-is-now-available/
/blog/industry-blog/linaros-partner-adeneo-embedded-expands-its-european-reach-with-local-office-in-germany,https://www.linaro.org/blog/linaros-partner-adeneo-embedded-expands-its-european-reach-with-local-office-in-germany/
/blog/connect-update/august-2012-ceo-report,https://www.linaro.org/blog/august-2012-ceo-report/
/blog/community-blog/linaro-android-mini-summit-to-be-held-at-lce-12-in-copenhagen,https://www.linaro.org/blog/linaro-android-mini-summit-to-be-held-at-lce-12-in-copenhagen/
/blog/connect-update/lce-12-copenhagen-demo-friday-call-for-participation,https://www.linaro.org/blog/lce-12-copenhagen-demo-friday-call-for-participation/
/blog/industry-blog/want-to-learn-more-about-arms-cortex-a-series-of-processors,https://www.linaro.org/blog/want-to-learn-more-about-arms-cortex-a-series-of-processors/
/blog/android-blog/trying-the-jellybean-on-samsungs-origen-board,https://www.linaro.org/blog/trying-the-jellybean-on-samsungs-origen-board/
/blog/android-blog/using-ds-5-on-galaxy-nexus-running-aosp-4-0-4,https://www.linaro.org/blog/using-ds-5-on-galaxy-nexus-running-aosp-4-0-4/
/blog/industry-blog/june-2012-ceo-report,https://www.linaro.org/blog/june-2012-ceo-report/
/blog/releases-blog/linaro-12-07-released,https://www.linaro.org/blog/linaro-12-07-released/
/blog/releases-blog/linaro-qemu-2012-04-released,https://www.linaro.org/blog/linaro-qemu-2012-04-released/
/blog/releases-blog/linaro-gdb-7-4-2012-04-released,https://www.linaro.org/blog/linaro-gdb-7-4-2012-04-released/
/blog/industry-blog/be-a-show-off-and-highlight-your-work-demo-friday-call-for-participation-opens,https://www.linaro.org/blog/be-a-show-off-and-highlight-your-work-demo-friday-call-for-participation-opens/
/blog/community-blog/android-multimedia-on-origen-12-03,https://www.linaro.org/blog/android-multimedia-on-origen-12-03/
/blog/releases-blog/linaro-toolchain-binaries-2012-04-released,https://www.linaro.org/blog/linaro-toolchain-binaries-2012-04-released/
/blog/releases-blog/linaro-12-04-released,https://www.linaro.org/blog/linaro-12-04-released/
/blog/community-blog/linaro-android-running-on-galaxy-nexus,https://www.linaro.org/blog/linaro-android-running-on-galaxy-nexus/
/blog/releases-blog/linaro-android-toolchain-nightly-builds-available,https://www.linaro.org/blog/linaro-android-toolchain-nightly-builds-available/
/blog/industry-blog/cant-miss-demos-at-linaro-connect-in-hong-kong-announced,https://www.linaro.org/blog/cant-miss-demos-at-linaro-connect-in-hong-kong-announced/
/blog/industry-blog/linaro-connect-q2-12-day-1-session-videos-now-available,https://www.linaro.org/blog/linaro-connect-q2-12-day-1-session-videos-now-available/
/blog/industry-blog/march-2012-ceo-report,https://www.linaro.org/blog/march-2012-ceo-report/
/blog/releases-blog/linaro-gcc-4-7-and-4-6-2012-04-released,https://www.linaro.org/blog/linaro-gcc-4-7-and-4-6-2012-04-released/
/blog/hardware-update/the-linaro-android-platform-team-period-march-7-to-march-13,https://www.linaro.org/blog/the-linaro-android-platform-team-period-march-7-to-march-13/
/blog/android-blog/androidization-of-linux-kernel,https://www.linaro.org/blog/androidization-of-linux-kernel/
/blog/industry-blog/february-2012-ceo-report,https://www.linaro.org/blog/february-2012-ceo-report/
/blog/community-blog/the-linaro-android-platform-team-period-march-14-to-march-20,https://www.linaro.org/blog/the-linaro-android-platform-team-period-march-14-to-march-20/
/blog/industry-blog/linaro-connect-q1-12-full-video-list-now-available,https://www.linaro.org/blog/linaro-connect-q1-12-full-video-list-now-available/
/blog/community-blog/linaro-android-updated-to-4-0-4,https://www.linaro.org/blog/linaro-android-updated-to-4-0-4/
/blog/releases-blog/linaro-12-03-release,https://www.linaro.org/blog/linaro-12-03-release/
/blog/community-blog/linaro-releases-android-5-0-0-jujube,https://www.linaro.org/blog/linaro-releases-android-5-0-0-jujube/
/blog/community-blog/whats-new-in-the-12-03-linaro-android-origen-release,https://www.linaro.org/blog/whats-new-in-the-12-03-linaro-android-origen-release/
/blog/releases-blog/ubuntu-linaro-evaluation-build-2012-03-1-for-snowball,https://www.linaro.org/blog/ubuntu-linaro-evaluation-build-2012-03-1-for-snowball/
/blog/community-blog/the-linaro-android-platform-team-period-feb-17-to-feb-23,https://www.linaro.org/blog/the-linaro-android-platform-team-period-feb-17-to-feb-23/
/blog/community-blog/linaro-android-gets-ready-for-gcc-4-7,https://www.linaro.org/blog/linaro-android-gets-ready-for-gcc-4-7/
/blog/connect-update/demo-friday-at-linaro-connect-q1-12-to-show-the-latest-linux-developments-on-arm,https://www.linaro.org/blog/demo-friday-at-linaro-connect-q1-12-to-show-the-latest-linux-developments-on-arm/
/blog/releases-blog/linaro-12-01-release,https://www.linaro.org/blog/linaro-12-01-release/
/blog/android-blog/the-linaro-android-platform-team-period-jan-18-to-jan-25,https://www.linaro.org/blog/the-linaro-android-platform-team-period-jan-18-to-jan-25/
/blog/industry-blog/january-2012-ceo-report,https://www.linaro.org/blog/january-2012-ceo-report/
/blog/industry-blog/the-linaro-android-platform-team-period-feb-02-to-feb-16,https://www.linaro.org/blog/the-linaro-android-platform-team-period-feb-02-to-feb-16/
/blog/releases-blog/linaro-12-02-released,https://www.linaro.org/blog/linaro-12-02-released/
/blog/industry-blog/november-ceo-report,https://www.linaro.org/blog/november-ceo-report/
/blog/community-blog/linaro-offers-accelerated-builds-of-androids-ice-cream-sandwich,https://www.linaro.org/blog/linaro-offers-accelerated-builds-of-androids-ice-cream-sandwich/
/blog/releases-blog/the-linaro-android-platform-team-period-dec-14-to-dec-20,https://www.linaro.org/blog/the-linaro-android-platform-team-period-dec-14-to-dec-20/
/blog/releases-blog/linaro-11-12-released,https://www.linaro.org/blog/linaro-11-12-released/
/blog/android-blog/the-linaro-android-platform-team-period-dec-21-to-dec-27,https://www.linaro.org/blog/the-linaro-android-platform-team-period-dec-21-to-dec-27/
/blog/android-blog/the-linaro-android-platform-team-period-dec-28-to-jan-03,https://www.linaro.org/blog/the-linaro-android-platform-team-period-dec-28-to-jan-03/
/blog/hardware-update/fxis-cotton-candy-at-ces-leverages-open-source-tools-from-linaro-for-rapid-development,https://www.linaro.org/blog/fxis-cotton-candy-at-ces-leverages-open-source-tools-from-linaro-for-rapid-development/
/blog/patch-highlights/linaros-emphasis-on-dma_buf-in-the-3-3-linux-kernel,https://www.linaro.org/blog/linaros-emphasis-on-dma_buf-in-the-3-3-linux-kernel/
/blog/releases-blog/linaro-qemu-2012-01-released,https://www.linaro.org/blog/linaro-qemu-2012-01-released/
/blog/releases-blog/linaro-gcc-4-6-and-4-5-2012-01-released,https://www.linaro.org/blog/linaro-gcc-4-6-and-4-5-2012-01-released/
/blog/android-blog/the-linaro-android-platform-team-period-jan-11-to-jan-18,https://www.linaro.org/blog/the-linaro-android-platform-team-period-jan-11-to-jan-18/
/blog/releases-blog/linaro-gdb-7-3-2011-12-released,https://www.linaro.org/blog/linaro-gdb-7-3-2011-12-released/
/blog/releases-blog/linaro-qemu-2011-12-released,https://www.linaro.org/blog/linaro-qemu-2011-12-released/
/blog/android-blog/the-linaro-android-platform-team-is-busy-as-always,https://www.linaro.org/blog/the-linaro-android-platform-team-is-busy-as-always/
/blog/community-blog/linaro-announces-community-contributor-process-and-team,https://www.linaro.org/blog/linaro-announces-community-contributor-process-and-team/
/blog/releases-blog/linaro-gcc-4-6-4-5-2011-12-released,https://www.linaro.org/blog/linaro-gcc-4-6-4-5-2011-12-released/
/blog/android-blog/the-linaro-android-platform-team-period-dec-06-to-dec-13,https://www.linaro.org/blog/the-linaro-android-platform-team-period-dec-06-to-dec-13/
#
/blog/hardware-update/big-little-technology-two-usage-models/index.html,https://www.linaro.org/blog/big-little-technology-two-usage-models/
/blog/releases-blog/linaro-gcc-4-6-2011-11-released/index.html,https://www.linaro.org/blog/linaro-gcc-4-6-2011-11-released/
/blog/releases-blog/linaro-qemu-2011-11-released/index.html,https://www.linaro.org/blog/linaro-qemu-2011-11-released/
/blog/community-blog/a-case-for-open-source-gpu-drivers/index.html,https://www.linaro.org/blog/a-case-for-open-source-gpu-drivers/
/blog/releases-blog/linaro-11-10-released/index.html,https://www.linaro.org/blog/linaro-11-10-released/linaro-11-10-released/
/blog/connect-update/connect-videos/index.html,https://www.linaro.org/blog/connect-videos/
/blog/connect-update/kernel-working-group-a-linaro-connect-retrospective/index.html,https://www.linaro.org/blog/kernel-working-group-a-linaro-connect-retrospective/
/blog/releases-blog/linaro-qemu-2011-10-released/index.html,https://www.linaro.org/blog/linaro-qemu-2011-10-released/
/blog/releases-blog/linaro-gcc-4-6-and-4-5-2011-10-released/index.html,https://www.linaro.org/blog/linaro-gcc-4-6-and-4-5-2011-10-released/
/blog/lava-blog/linaro-android-bot-review-achieves-deployment-on-review-android-git-linaro-org/index.html,https://www.linaro.org/blog/linaro-android-bot-review-achieves-deployment-on-review-android-git-linaro-org/
/blog/android-blog/compiler-flags-used-to-speed-up-linaro-android-2011-10-and-future-optimizations/index.html,https://www.linaro.org/blog/compiler-flags-used-to-speed-up-linaro-android-2011-10-and-future-optimizations/
/blog/industry-blog/linaro-at-the-launch-of-arms-new-cortex-a7-processor/index.html,https://www.linaro.org/blog/linaro-at-the-launch-of-arms-new-cortex-a7-processor/
/blog/android-blog/using-markets-with-linaro-android-builds/index.html,https://www.linaro.org/blog/using-markets-with-linaro-android-builds/
/blog/releases-blog/linaro-11-09-released/index.html,https://www.linaro.org/blog/linaro-11-09-released/
/blog/industry-blog/september-ceo-report/index.html,https://www.linaro.org/blog/september-ceo-report/
/blog/community-blog/compiling-with-gcc-o3/index.html,https://www.linaro.org/blog/compiling-with-gcc-o3/
/blog/releases-blog/angry-birds-panda-board/index.html,https://www.linaro.org/blog/angry-birds-panda-board/
/blog/releases-blog/linaro-gdb-7-3-2011-10-released/index.html,https://www.linaro.org/blog/linaro-gdb-7-3-2011-10-released/
/blog/releases-blog/try-linaros-11-09-toolchain-and-our-2nd-android-release-candidate-based-on-it/index.html,https://www.linaro.org/blog/try-linaros-11-09-toolchain-and-our-2nd-android-release-candidate-based-on-it/
/blog/releases-blog/linaro-kernel-2011-09-release/index.html,https://www.linaro.org/blog/linaro-kernel-2011-09-release/
/blog/lava-blog/lava-fundamentals/index.html,https://www.linaro.org/blog/lava-fundamentals/
/blog/lava-blog/first-android-leb-being-available-on-snowball/index.html,https://www.linaro.org/blog/first-android-leb-being-available-on-snowball/
/blog/community-blog/community-feedback/index.html,https://www.linaro.org/blog/community-feedback/
/blog/releases-blog/linaro-11-08-released/index.html,https://www.linaro.org/blog/linaro-11-08-released/
/blog/industry-blog/the-evolution-of-the-linaro-kernel/index.html,https://www.linaro.org/blog/the-evolution-of-the-linaro-kernel/
/blog/community-blog/linaro-connect-video-andy-doan-life-in-linaro/index.html,https://www.linaro.org/blog/linaro-connect-video-andy-doan-life-in-linaro/
/blog/releases-blog/linaro-gdb-7-3-2011-09-released/index.html,https://www.linaro.org/blog/linaro-gdb-7-3-2011-09-released/
/blog/releases-blog/linaro-qemu-2011-09-released/index.html,https://www.linaro.org/blog/linaro-qemu-2011-09-released/
/blog/releases-blog/linaro-gcc-4-6-and-4-5-2011-09-released/index.html,https://www.linaro.org/blog/linaro-gcc-4-6-and-4-5-2011-09-released/
/blog/lava-blog/lava-introduction/index.html,https://www.linaro.org/blog/lava-introduction/
/blog/community-blog/linaro-android-optimizations/index.html,https://www.linaro.org/blog/linaro-android-optimizations/
/blog/community-blog/discussion-with-kernel-hackers/index.html,https://www.linaro.org/blog/discussion-with-kernel-hackers/
/blog/industry-blog/multimedia-on-linux/index.html,https://www.linaro.org/blog/multimedia-on-linux/
/blog/releases-blog/linaro-11-06-release-features-unity-3d-port-for-arm/index.html,https://www.linaro.org/blog/linaro-11-06-release-features-unity-3d-port-for-arm/
/blog/hardware-update/thermal-management/index.html,https://www.linaro.org/blog/thermal-management/
/blog/hardware-update/assemble-origen-lcd-kit/index.html,https://www.linaro.org/blog/assemble-origen-lcd-kit/
/blog/hardware-update/low-cost-boards-displays/index.html,https://www.linaro.org/blog/low-cost-boards-displays/
/blog/releases-blog/release-of-linaro-11-07/index.html,https://www.linaro.org/blog/release-of-linaro-11-07/
/blog/community-blog/connect-summary/index.html,https://www.linaro.org/blog/connect-summary/
/blog/community-blog/linaro-connect-git-tips/index.html,https://www.linaro.org/blog/linaro-connect-git-tips/
/blog/community-blog/wordpress-planet-linaro/index.html,https://www.linaro.org/blog/wordpress-planet-linaro/
/blog/community-blog/lds-showcase/index.html,https://www.linaro.org/blog/lds-showcase/
/blog/community-blog/linaro-at-elc/index.html,https://www.linaro.org/blog/linaro-at-elc/
/blog/community-blog/lds/index.html,https://www.linaro.org/blog/lds/
/blog/community-blog/elc-slides/index.html,https://www.linaro.org/blog/elc-slides/
/blog/releases-blog/linaro-11-05-released/index.html,https://www.linaro.org/blog/linaro-11-05-released/
/blog/community-blog/linaro-11-11-public-plan-reviews/index.html,https://www.linaro.org/blog/linaro-11-11-public-plan-reviews/
/blog/community-blog/lee-jones-mainstreaming-video/index.html,https://www.linaro.org/blog/lee-jones-mainstreaming-video/
/blog/industry-blog/open-source-software-fundamental-to-success-in-the-mobile-and-consumer-electronics-markets/index.html,https://www.linaro.org/blog/open-source-software-fundamental-to-success-in-the-mobile-and-consumer-electronics-markets/
/blog/industry-blog/st-ericsson-and-linaro-working-towards-the-first-release/index.html,https://www.linaro.org/blog/st-ericsson-and-linaro-working-towards-the-first-release/
/blog/community-blog/linaro-and-distributions/index.html,https://www.linaro.org/blog/linaro-and-distributions/
/blog/community-blog/is-linaro-a-distribution/index.html,https://www.linaro.org/blog/is-linaro-a-distribution/
/blog/industry-blog/the-need-for-linaro/index.html,https://www.linaro.org/blog/the-need-for-linaro/
/blog/hardware-update/big-little-software-update/index.html,https://www.linaro.org/blog/big-little-software-update/
#
/blog/hardware-update/big-little-technology-two-usage-models,https://www.linaro.org/blog/big-little-technology-two-usage-models/
/blog/releases-blog/linaro-gcc-4-6-2011-11-released,https://www.linaro.org/blog/linaro-gcc-4-6-2011-11-released/
/blog/releases-blog/linaro-qemu-2011-11-released,https://www.linaro.org/blog/linaro-qemu-2011-11-released/
/blog/community-blog/a-case-for-open-source-gpu-drivers,https://www.linaro.org/blog/a-case-for-open-source-gpu-drivers/
/blog/releases-blog/linaro-11-10-released,https://www.linaro.org/blog/linaro-11-10-released/linaro-11-10-released/
/blog/connect-update/connect-videos,https://www.linaro.org/blog/connect-videos/
/blog/connect-update/kernel-working-group-a-linaro-connect-retrospective,https://www.linaro.org/blog/kernel-working-group-a-linaro-connect-retrospective/
/blog/releases-blog/linaro-qemu-2011-10-released,https://www.linaro.org/blog/linaro-qemu-2011-10-released/
/blog/releases-blog/linaro-gcc-4-6-and-4-5-2011-10-released,https://www.linaro.org/blog/linaro-gcc-4-6-and-4-5-2011-10-released/
/blog/lava-blog/linaro-android-bot-review-achieves-deployment-on-review-android-git-linaro-org,https://www.linaro.org/blog/linaro-android-bot-review-achieves-deployment-on-review-android-git-linaro-org/
/blog/android-blog/compiler-flags-used-to-speed-up-linaro-android-2011-10-and-future-optimizations,https://www.linaro.org/blog/compiler-flags-used-to-speed-up-linaro-android-2011-10-and-future-optimizations/
/blog/industry-blog/linaro-at-the-launch-of-arms-new-cortex-a7-processor,https://www.linaro.org/blog/linaro-at-the-launch-of-arms-new-cortex-a7-processor/
/blog/android-blog/using-markets-with-linaro-android-builds,https://www.linaro.org/blog/using-markets-with-linaro-android-builds/
/blog/releases-blog/linaro-11-09-released,https://www.linaro.org/blog/linaro-11-09-released/
/blog/industry-blog/september-ceo-report,https://www.linaro.org/blog/september-ceo-report/
/blog/community-blog/compiling-with-gcc-o3,https://www.linaro.org/blog/compiling-with-gcc-o3/
/blog/releases-blog/angry-birds-panda-board,https://www.linaro.org/blog/angry-birds-panda-board/
/blog/releases-blog/linaro-gdb-7-3-2011-10-released,https://www.linaro.org/blog/linaro-gdb-7-3-2011-10-released/
/blog/releases-blog/try-linaros-11-09-toolchain-and-our-2nd-android-release-candidate-based-on-it,https://www.linaro.org/blog/try-linaros-11-09-toolchain-and-our-2nd-android-release-candidate-based-on-it/
/blog/releases-blog/linaro-kernel-2011-09-release,https://www.linaro.org/blog/linaro-kernel-2011-09-release/
/blog/lava-blog/lava-fundamentals,https://www.linaro.org/blog/lava-fundamentals/
/blog/lava-blog/first-android-leb-being-available-on-snowball,https://www.linaro.org/blog/first-android-leb-being-available-on-snowball/
/blog/community-blog/community-feedback,https://www.linaro.org/blog/community-feedback/
/blog/releases-blog/linaro-11-08-released,https://www.linaro.org/blog/linaro-11-08-released/
/blog/industry-blog/the-evolution-of-the-linaro-kernel,https://www.linaro.org/blog/the-evolution-of-the-linaro-kernel/
/blog/community-blog/linaro-connect-video-andy-doan-life-in-linaro,https://www.linaro.org/blog/linaro-connect-video-andy-doan-life-in-linaro/
/blog/releases-blog/linaro-gdb-7-3-2011-09-released,https://www.linaro.org/blog/linaro-gdb-7-3-2011-09-released/
/blog/releases-blog/linaro-qemu-2011-09-released,https://www.linaro.org/blog/linaro-qemu-2011-09-released/
/blog/releases-blog/linaro-gcc-4-6-and-4-5-2011-09-released,https://www.linaro.org/blog/linaro-gcc-4-6-and-4-5-2011-09-released/
/blog/lava-blog/lava-introduction,https://www.linaro.org/blog/lava-introduction/
/blog/community-blog/linaro-android-optimizations,https://www.linaro.org/blog/linaro-android-optimizations/
/blog/community-blog/discussion-with-kernel-hackers,https://www.linaro.org/blog/discussion-with-kernel-hackers/
/blog/industry-blog/multimedia-on-linux,https://www.linaro.org/blog/multimedia-on-linux/
/blog/releases-blog/linaro-11-06-release-features-unity-3d-port-for-arm,https://www.linaro.org/blog/linaro-11-06-release-features-unity-3d-port-for-arm/
/blog/hardware-update/thermal-management,https://www.linaro.org/blog/thermal-management/
/blog/hardware-update/assemble-origen-lcd-kit,https://www.linaro.org/blog/assemble-origen-lcd-kit/
/blog/hardware-update/low-cost-boards-displays,https://www.linaro.org/blog/low-cost-boards-displays/
/blog/releases-blog/release-of-linaro-11-07,https://www.linaro.org/blog/release-of-linaro-11-07/
/blog/community-blog/connect-summary,https://www.linaro.org/blog/connect-summary/
/blog/community-blog/linaro-connect-git-tips,https://www.linaro.org/blog/linaro-connect-git-tips/
/blog/community-blog/wordpress-planet-linaro,https://www.linaro.org/blog/wordpress-planet-linaro/
/blog/community-blog/lds-showcase,https://www.linaro.org/blog/lds-showcase/
/blog/community-blog/linaro-at-elc,https://www.linaro.org/blog/linaro-at-elc/
/blog/community-blog/lds,https://www.linaro.org/blog/lds/
/blog/community-blog/elc-slides,https://www.linaro.org/blog/elc-slides/
/blog/releases-blog/linaro-11-05-released,https://www.linaro.org/blog/linaro-11-05-released/
/blog/community-blog/linaro-11-11-public-plan-reviews,https://www.linaro.org/blog/linaro-11-11-public-plan-reviews/
/blog/community-blog/lee-jones-mainstreaming-video,https://www.linaro.org/blog/lee-jones-mainstreaming-video/
/blog/industry-blog/open-source-software-fundamental-to-success-in-the-mobile-and-consumer-electronics-markets,https://www.linaro.org/blog/open-source-software-fundamental-to-success-in-the-mobile-and-consumer-electronics-markets/
/blog/industry-blog/st-ericsson-and-linaro-working-towards-the-first-release,https://www.linaro.org/blog/st-ericsson-and-linaro-working-towards-the-first-release/
/blog/community-blog/linaro-and-distributions,https://www.linaro.org/blog/linaro-and-distributions/
/blog/community-blog/is-linaro-a-distribution,https://www.linaro.org/blog/is-linaro-a-distribution/
/blog/industry-blog/the-need-for-linaro,https://www.linaro.org/blog/the-need-for-linaro/
/blog/hardware-update/big-little-software-update,https://www.linaro.org/blog/big-little-software-update/
#
/blog/community-blog/linaro-android-armv864bit-and-big-little-mini-summits-to-be-held-at-lce-12-copenhagen/index.html,https://www.linaro.org/blog/linaro-android-armv864bit-and-big-little-mini-summits-to-be-held-at-lce-12-copenhagen/
/blog/hardware-update/snowball-new-cortex-a9-community-board-from-st-ericsson/index.html,https://www.linaro.org/blog/snowball-new-cortex-a9-community-board-from-st-ericsson/
/blog/hardware-update/new-low-cost-cortex-a8-board-from-freescale/index.html,https://www.linaro.org/blog/new-low-cost-cortex-a8-board-from-freescale/
/blog/hardware-update/genesi-donates-55-arm-netbooks-to-linaro-developers/index.html,https://www.linaro.org/blog/genesi-donates-55-arm-netbooks-to-linaro-developers/
/blog/community-blog/arm-landing-team-up-and-running/index.html,https://www.linaro.org/blog/arm-landing-team-up-and-running/
/blog/android-blog/second-android-11-10-pre-release/index.html,https://www.linaro.org/blog/second-android-11-10-pre-release/
/blog/connect-update/linaro-connect-celebration-night/index.html,https://www.linaro.org/blog/linaro-connect-celebration-night/
/blog/community-blog/automated-validation-with-lava/index.html,https://www.linaro.org/blog/automated-validation-with-lava/
/blog/android-blog/installing-f-droid-on-linaro-builds/index.html,https://www.linaro.org/blog/installing-f-droid-on-linaro-builds/
/blog/android-blog/improving-performance-of-linaro-android-build-service/index.html,https://www.linaro.org/blog/improving-performance-of-linaro-android-build-service/
/blog/lava-blog/local-lava-testing-of-android-ics/index.html,https://www.linaro.org/blog/local-lava-testing-of-android-ics/
/blog/hardware-update/dave-pigott-and-the-lava-validation-team-head-to-the-cloud/index.html,https://www.linaro.org/blog/dave-pigott-and-the-lava-validation-team-head-to-the-cloud/
/blog/community-blog/q2-12-linaro-connect-promo-video-now-available/index.html,https://www.linaro.org/blog/q2-12-linaro-connect-promo-video-now-available/
/blog/industry-blog/call-for-submissions-linaro-connect-q2-12-plenaries/index.html,https://www.linaro.org/blog/call-for-submissions-linaro-connect-q2-12-plenaries/
/blog/industry-blog/linaro-welcomes-its-newest-partner-adeneo-embedded/index.html,https://www.linaro.org/blog/linaro-welcomes-its-newest-partner-adeneo-embedded/
/blog/industry-blog/linaro-connect-q2-12-28-may-1-june-2012-at-the-gold-coast-hotel-in-hong-kong/index.html,https://www.linaro.org/blog/linaro-connect-q2-12-28-may-1-june-2012-at-the-gold-coast-hotel-in-hong-kong/
/blog/industry-blog/linaro-sweetens-cotton-candys-success/index.html,https://www.linaro.org/blog/linaro-sweetens-cotton-candys-success/
/blog/community-blog/linaro-announces-virtual-connect-q3-12-13-17-august-2012/index.html,https://www.linaro.org/blog/linaro-announces-virtual-connect-q3-12-13-17-august-2012/
/blog/industry-blog/thank-you-to-our-sponsors/index.html,https://www.linaro.org/blog/thank-you-to-our-sponsors/
/blog/community-blog/linaro-connect-europe-big-little-mini-summit-summary/index.html,https://www.linaro.org/blog/linaro-connect-europe-big-little-mini-summit-summary/
/blog/community-blog/leg-engineers-discuss-uefi-updates-goals-and-getting-involved/index.html,https://www.linaro.org/blog/leg-engineers-discuss-uefi-updates-goals-and-getting-involved/
/blog/industry-blog/registration-opens-for-linaro-connect-asia-2013-book-early/index.html,https://www.linaro.org/blog/registration-opens-for-linaro-connect-asia-2013-book-early/
/blog/community-blog/armv8-64-bit-mini-summit-at-lce12-copenhagen/index.html,https://www.linaro.org/blog/armv8-64-bit-mini-summit-at-lce12-copenhagen/
/blog/community-blog/linaro-connect-asia-2013-day-5-awards-demo-friday-and-more/index.html,https://www.linaro.org/blog/linaro-connect-asia-2013-day-5-awards-demo-friday-and-more/
/blog/community-blog/linaro-connect-asia-2013-day-3-what-to-expect/index.html,https://www.linaro.org/blog/linaro-connect-asia-2013-day-3-what-to-expect/
/blog/community-blog/women-in-technology-at-linaro/index.html,https://www.linaro.org/blog/women-in-technology-at-linaro/
/blog/community-blog/linaro-connect-asia-2013-group-photo/index.html,https://www.linaro.org/blog/linaro-connect-asia-2013-group-photo/
/blog/community-blog/linaro-cto-gives-overview-of-linaro-connect-asia-2013/index.html,https://www.linaro.org/blog/linaro-cto-gives-overview-of-linaro-connect-asia-2013/
/blog/android-blog/embedded-android-training-workshop-to-be-held-at-linaro-connect-asia-2013/index.html,https://www.linaro.org/blog/embedded-android-training-workshop-to-be-held-at-linaro-connect-asia-2013/
/blog/community-blog/open-compute-event-opens-door-to-working-together/index.html,https://www.linaro.org/blog/open-compute-event-opens-door-to-working-together/
/blog/community-blog/be-a-show-off-demo-and-poster-opportunities-available-at-lca13-in-hong-kong/index.html,https://www.linaro.org/blog/be-a-show-off-demo-and-poster-opportunities-available-at-lca13-in-hong-kong/
/blog/community-blog/wannes-de-smet-kicks-off-day-2-off-linaro-connect-europe-2013/index.html,https://www.linaro.org/blog/wannes-de-smet-kicks-off-day-2-off-linaro-connect-europe-2013/
/blog/connect-update/lce-13-keynote-speaker-announced-james-bottomley-from-the-consumer-device-to-the-server-a-well-trodden-path/index.html,https://www.linaro.org/blog/lce-13-keynote-speaker-announced-james-bottomley-from-the-consumer-device-to-the-server-a-well-trodden-path/
/blog/connect-update/lce-13-keynote-speaker-announced-wannes-de-smet-reviewing-the-first-enterprise-class-arm-server/index.html,https://www.linaro.org/blog/lce-13-keynote-speaker-announced-wannes-de-smet-reviewing-the-first-enterprise-class-arm-server/
/blog/industry-blog/linux-on-arm-track-at-linuxtag-2013/index.html,https://www.linaro.org/blog/linux-on-arm-track-at-linuxtag-2013/
/blog/community-blog/renato-golin-on-eurollvm-linaro-toolchain-team-and-more/index.html,https://www.linaro.org/blog/renato-golin-on-eurollvm-linaro-toolchain-team-and-more/
/blog/connect-update/schedule-for-linaro-connect-europe-2013-begins-to-take-shape/index.html,https://www.linaro.org/blog/schedule-for-linaro-connect-europe-2013-begins-to-take-shape/
/blog/community-blog/kvm-on-arm-big-little-maddog-lava-and-more-from-linaro-connect-europe-2013/index.html,https://www.linaro.org/blog/kvm-on-arm-big-little-maddog-lava-and-more-from-linaro-connect-europe-2013/
/blog/community-blog/registration-for-linaro-connect-europe-2013-in-dublin-ireland-now-open/index.html,https://www.linaro.org/blog/registration-for-linaro-connect-europe-2013-in-dublin-ireland-now-open/
/blog/community-blog/mini-summits-training-hacking-and-more-linaro-connect-asia-2013-hong-kong/index.html,https://www.linaro.org/blog/mini-summits-training-hacking-and-more-linaro-connect-asia-2013-hong-kong/
/blog/core-dump/post-0/index.html,https://www.linaro.org/blog/post-0/
/blog/core-dump/coresight-initial-steps-supporting-hw-assisted-tracing-linux-arm-socs/index.html,https://www.linaro.org/blog/coresight-initial-steps-supporting-hw-assisted-tracing-linux-arm-socs/
/blog/core-dump/tricks-for-debugging-qemu-rr/index.html,https://www.linaro.org/blog/tricks-for-debugging-qemu-rr/
/blog/core-dump/running-64bit-android-l-qemu/index.html,https://www.linaro.org/blog/running-64bit-android-l-qemu/
/blog/core-dump/op-tee-open-source-security-mass-market/index.html,https://www.linaro.org/blog/op-tee-open-source-security-mass-market/
/blog/core-dump/summary-energy-aware-scheduling-workshop-linux-kernel-summit-2014/index.html,https://www.linaro.org/blog/summary-energy-aware-scheduling-workshop-linux-kernel-summit-2014/
/blog/core-dump/coresight-tracing-update/index.html,https://www.linaro.org/blog/coresight-tracing-update/
/blog/core-dump/working-upstream/index.html,https://www.linaro.org/blog/working-upstream/
/blog/core-dump/arm-soc-contents-merged-3-19/index.html,https://www.linaro.org/blog/arm-soc-contents-merged-3-19/
/blog/core-dump/road-energy-aware-scheduling/index.html,https://www.linaro.org/blog/road-energy-aware-scheduling/
/blog/core-dump/energy-aware-scheduling-eas-project/index.html,https://www.linaro.org/blog/energy-aware-scheduling-eas-project/
/blog/core-dump/debugging-arm-kernels-using-nmifiq/index.html,https://www.linaro.org/blog/debugging-arm-kernels-using-nmifiq/
/blog/core-dump/evolution-of-a-generic-tee-kernel-driver-2/index.html,https://www.linaro.org/blog/evolution-of-a-generic-tee-kernel-driver-2/
/blog/core-dump/twenty-three-years-and-counting-down/index.html,https://www.linaro.org/blog/twenty-three-years-and-counting-down/
#
/blog/community-blog/linaro-android-armv864bit-and-big-little-mini-summits-to-be-held-at-lce-12-copenhagen,https://www.linaro.org/blog/linaro-android-armv864bit-and-big-little-mini-summits-to-be-held-at-lce-12-copenhagen/
/blog/hardware-update/snowball-new-cortex-a9-community-board-from-st-ericsson,https://www.linaro.org/blog/snowball-new-cortex-a9-community-board-from-st-ericsson/
/blog/hardware-update/new-low-cost-cortex-a8-board-from-freescale,https://www.linaro.org/blog/new-low-cost-cortex-a8-board-from-freescale/
/blog/hardware-update/genesi-donates-55-arm-netbooks-to-linaro-developers,https://www.linaro.org/blog/genesi-donates-55-arm-netbooks-to-linaro-developers/
/blog/community-blog/arm-landing-team-up-and-running,https://www.linaro.org/blog/arm-landing-team-up-and-running/
/blog/android-blog/second-android-11-10-pre-release,https://www.linaro.org/blog/second-android-11-10-pre-release/
/blog/connect-update/linaro-connect-celebration-night,https://www.linaro.org/blog/linaro-connect-celebration-night/
/blog/community-blog/automated-validation-with-lava,https://www.linaro.org/blog/automated-validation-with-lava/
/blog/android-blog/installing-f-droid-on-linaro-builds,https://www.linaro.org/blog/installing-f-droid-on-linaro-builds/
/blog/android-blog/improving-performance-of-linaro-android-build-service,https://www.linaro.org/blog/improving-performance-of-linaro-android-build-service/
/blog/lava-blog/local-lava-testing-of-android-ics,https://www.linaro.org/blog/local-lava-testing-of-android-ics/
/blog/hardware-update/dave-pigott-and-the-lava-validation-team-head-to-the-cloud,https://www.linaro.org/blog/dave-pigott-and-the-lava-validation-team-head-to-the-cloud/
/blog/community-blog/q2-12-linaro-connect-promo-video-now-available,https://www.linaro.org/blog/q2-12-linaro-connect-promo-video-now-available/
/blog/industry-blog/call-for-submissions-linaro-connect-q2-12-plenaries,https://www.linaro.org/blog/call-for-submissions-linaro-connect-q2-12-plenaries/
/blog/industry-blog/linaro-welcomes-its-newest-partner-adeneo-embedded,https://www.linaro.org/blog/linaro-welcomes-its-newest-partner-adeneo-embedded/
/blog/industry-blog/linaro-connect-q2-12-28-may-1-june-2012-at-the-gold-coast-hotel-in-hong-kong,https://www.linaro.org/blog/linaro-connect-q2-12-28-may-1-june-2012-at-the-gold-coast-hotel-in-hong-kong/
/blog/industry-blog/linaro-sweetens-cotton-candys-success,https://www.linaro.org/blog/linaro-sweetens-cotton-candys-success/
/blog/community-blog/linaro-announces-virtual-connect-q3-12-13-17-august-2012,https://www.linaro.org/blog/linaro-announces-virtual-connect-q3-12-13-17-august-2012/
/blog/industry-blog/thank-you-to-our-sponsors,https://www.linaro.org/blog/thank-you-to-our-sponsors/
/blog/community-blog/linaro-connect-europe-big-little-mini-summit-summary,https://www.linaro.org/blog/linaro-connect-europe-big-little-mini-summit-summary/
/blog/community-blog/leg-engineers-discuss-uefi-updates-goals-and-getting-involved,https://www.linaro.org/blog/leg-engineers-discuss-uefi-updates-goals-and-getting-involved/
/blog/industry-blog/registration-opens-for-linaro-connect-asia-2013-book-early,https://www.linaro.org/blog/registration-opens-for-linaro-connect-asia-2013-book-early/
/blog/community-blog/armv8-64-bit-mini-summit-at-lce12-copenhagen,https://www.linaro.org/blog/armv8-64-bit-mini-summit-at-lce12-copenhagen/
/blog/community-blog/linaro-connect-asia-2013-day-5-awards-demo-friday-and-more,https://www.linaro.org/blog/linaro-connect-asia-2013-day-5-awards-demo-friday-and-more/
/blog/community-blog/linaro-connect-asia-2013-day-3-what-to-expect,https://www.linaro.org/blog/linaro-connect-asia-2013-day-3-what-to-expect/
/blog/community-blog/women-in-technology-at-linaro,https://www.linaro.org/blog/women-in-technology-at-linaro/
/blog/community-blog/linaro-connect-asia-2013-group-photo,https://www.linaro.org/blog/linaro-connect-asia-2013-group-photo/
/blog/community-blog/linaro-cto-gives-overview-of-linaro-connect-asia-2013,https://www.linaro.org/blog/linaro-cto-gives-overview-of-linaro-connect-asia-2013/
/blog/android-blog/embedded-android-training-workshop-to-be-held-at-linaro-connect-asia-2013,https://www.linaro.org/blog/embedded-android-training-workshop-to-be-held-at-linaro-connect-asia-2013/
/blog/community-blog/open-compute-event-opens-door-to-working-together,https://www.linaro.org/blog/open-compute-event-opens-door-to-working-together/
/blog/community-blog/be-a-show-off-demo-and-poster-opportunities-available-at-lca13-in-hong-kong,https://www.linaro.org/blog/be-a-show-off-demo-and-poster-opportunities-available-at-lca13-in-hong-kong/
/blog/community-blog/wannes-de-smet-kicks-off-day-2-off-linaro-connect-europe-2013,https://www.linaro.org/blog/wannes-de-smet-kicks-off-day-2-off-linaro-connect-europe-2013/
/blog/connect-update/lce-13-keynote-speaker-announced-james-bottomley-from-the-consumer-device-to-the-server-a-well-trodden-path,https://www.linaro.org/blog/lce-13-keynote-speaker-announced-james-bottomley-from-the-consumer-device-to-the-server-a-well-trodden-path/
/blog/connect-update/lce-13-keynote-speaker-announced-wannes-de-smet-reviewing-the-first-enterprise-class-arm-server,https://www.linaro.org/blog/lce-13-keynote-speaker-announced-wannes-de-smet-reviewing-the-first-enterprise-class-arm-server/
/blog/industry-blog/linux-on-arm-track-at-linuxtag-2013,https://www.linaro.org/blog/linux-on-arm-track-at-linuxtag-2013/
/blog/community-blog/renato-golin-on-eurollvm-linaro-toolchain-team-and-more,https://www.linaro.org/blog/renato-golin-on-eurollvm-linaro-toolchain-team-and-more/
/blog/connect-update/schedule-for-linaro-connect-europe-2013-begins-to-take-shape,https://www.linaro.org/blog/schedule-for-linaro-connect-europe-2013-begins-to-take-shape/
/blog/community-blog/kvm-on-arm-big-little-maddog-lava-and-more-from-linaro-connect-europe-2013,https://www.linaro.org/blog/kvm-on-arm-big-little-maddog-lava-and-more-from-linaro-connect-europe-2013/
/blog/community-blog/registration-for-linaro-connect-europe-2013-in-dublin-ireland-now-open,https://www.linaro.org/blog/registration-for-linaro-connect-europe-2013-in-dublin-ireland-now-open/
/blog/community-blog/mini-summits-training-hacking-and-more-linaro-connect-asia-2013-hong-kong,https://www.linaro.org/blog/mini-summits-training-hacking-and-more-linaro-connect-asia-2013-hong-kong/
/blog/core-dump/post-0,https://www.linaro.org/blog/post-0/
/blog/core-dump/coresight-initial-steps-supporting-hw-assisted-tracing-linux-arm-socs,https://www.linaro.org/blog/coresight-initial-steps-supporting-hw-assisted-tracing-linux-arm-socs/
/blog/core-dump/tricks-for-debugging-qemu-rr,https://www.linaro.org/blog/tricks-for-debugging-qemu-rr/
/blog/core-dump/running-64bit-android-l-qemu,https://www.linaro.org/blog/running-64bit-android-l-qemu/
/blog/core-dump/op-tee-open-source-security-mass-market,https://www.linaro.org/blog/op-tee-open-source-security-mass-market/
/blog/core-dump/summary-energy-aware-scheduling-workshop-linux-kernel-summit-2014,https://www.linaro.org/blog/summary-energy-aware-scheduling-workshop-linux-kernel-summit-2014/
/blog/core-dump/coresight-tracing-update,https://www.linaro.org/blog/coresight-tracing-update/
/blog/core-dump/working-upstream,https://www.linaro.org/blog/working-upstream/
/blog/core-dump/arm-soc-contents-merged-3-19,https://www.linaro.org/blog/arm-soc-contents-merged-3-19/
/blog/core-dump/road-energy-aware-scheduling,https://www.linaro.org/blog/road-energy-aware-scheduling/
/blog/core-dump/energy-aware-scheduling-eas-project,https://www.linaro.org/blog/energy-aware-scheduling-eas-project/
/blog/core-dump/debugging-arm-kernels-using-nmifiq,https://www.linaro.org/blog/debugging-arm-kernels-using-nmifiq/
/blog/core-dump/evolution-of-a-generic-tee-kernel-driver-2,https://www.linaro.org/blog/evolution-of-a-generic-tee-kernel-driver-2/
/blog/core-dump/twenty-three-years-and-counting-down,https://www.linaro.org/blog/twenty-three-years-and-counting-down/
#
/blog/core-dump/testing-qemu-arm-trustzone/index.html,https://www.linaro.org/blog/testing-qemu-arm-trustzone/
/blog/core-dump/arm-trustzone-qemu/index.html,https://www.linaro.org/blog/arm-trustzone-qemu/
/blog/toolchain-blog/introduction-to-porting-and-optimising-code/index.html,https://www.linaro.org/blog/introduction-to-porting-and-optimising-code/
/blog/core-dump/u-boot-on-arm32-aarch64-and-beyond/index.html,https://www.linaro.org/blog/u-boot-on-arm32-aarch64-and-beyond/
/blog/core-dump/energy-aware-scheduling-eas-progress-update/index.html,https://www.linaro.org/blog/energy-aware-scheduling-eas-progress-update/
/blog/community-blog/its-all-maddogs-fault-proclaims-david-rusling-linaro-cto/index.html,https://www.linaro.org/blog/its-all-maddogs-fault-proclaims-david-rusling-linaro-cto/
/blog/core-dump/testing-a-trusted-execution-environment/index.html,https://www.linaro.org/blog/testing-a-trusted-execution-environment/
/blog/connect-update/linaro-connect-bkk16-pathable-all-you-need-to-know/index.html,https://www.linaro.org/blog/linaro-connect-bkk16-pathable-all-you-need-to-know/
/blog/core-dump/crypto-engine-framework/index.html,https://www.linaro.org/blog/crypto-engine-framework/
/blog/core-dump/kvm-pciemsi-passthrough-armarm64/index.html,https://www.linaro.org/blog/kvm-pciemsi-passthrough-armarm64/
/blog/core-dump/on-the-performance-of-arm-virtualization/index.html,https://www.linaro.org/blog/on-the-performance-of-arm-virtualization/
/blog/core-dump/coresight-perf-and-the-opencsd-library/index.html,https://www.linaro.org/blog/coresight-perf-and-the-opencsd-library/
/blog/core-dump/dont-waste-power-when-idle/index.html,https://www.linaro.org/blog/dont-waste-power-when-idle/
/blog/core-dump/opencsd-operation-use-library/index.html,https://www.linaro.org/blog/opencsd-operation-use-library/
/blog/core-dump/stm-and-its-usage/index.html,https://www.linaro.org/blog/stm-and-its-usage/
/blog/core-dump/tee-development-with-no-hardware-is-that-possible/index.html,https://www.linaro.org/blog/tee-development-with-no-hardware-is-that-possible/
/blog/core-dump/ensuring-bootable-arm-vm-images/index.html,https://www.linaro.org/blog/ensuring-bootable-arm-vm-images/
/blog/core-dump/accelerated-aes-for-the-arm64-linux-kernel/index.html,https://www.linaro.org/blog/accelerated-aes-for-the-arm64-linux-kernel/
/blog/core-dump/day-2-ospm-summit-pisa-italy/index.html,https://www.linaro.org/blog/day-2-ospm-summit-pisa-italy/
#
/blog/core-dump/testing-qemu-arm-trustzone,https://www.linaro.org/blog/testing-qemu-arm-trustzone/
/blog/core-dump/arm-trustzone-qemu,https://www.linaro.org/blog/arm-trustzone-qemu/
/blog/toolchain-blog/introduction-to-porting-and-optimising-code,https://www.linaro.org/blog/introduction-to-porting-and-optimising-code/
/blog/core-dump/u-boot-on-arm32-aarch64-and-beyond,https://www.linaro.org/blog/u-boot-on-arm32-aarch64-and-beyond/
/blog/core-dump/energy-aware-scheduling-eas-progress-update,https://www.linaro.org/blog/energy-aware-scheduling-eas-progress-update/
/blog/community-blog/its-all-maddogs-fault-proclaims-david-rusling-linaro-cto,https://www.linaro.org/blog/its-all-maddogs-fault-proclaims-david-rusling-linaro-cto/
/blog/core-dump/testing-a-trusted-execution-environment,https://www.linaro.org/blog/testing-a-trusted-execution-environment/
/blog/connect-update/linaro-connect-bkk16-pathable-all-you-need-to-know,https://www.linaro.org/blog/linaro-connect-bkk16-pathable-all-you-need-to-know/
/blog/core-dump/crypto-engine-framework,https://www.linaro.org/blog/crypto-engine-framework/
/blog/core-dump/kvm-pciemsi-passthrough-armarm64,https://www.linaro.org/blog/kvm-pciemsi-passthrough-armarm64/
/blog/core-dump/on-the-performance-of-arm-virtualization,https://www.linaro.org/blog/on-the-performance-of-arm-virtualization/
/blog/core-dump/coresight-perf-and-the-opencsd-library,https://www.linaro.org/blog/coresight-perf-and-the-opencsd-library/
/blog/core-dump/dont-waste-power-when-idle,https://www.linaro.org/blog/dont-waste-power-when-idle/
/blog/core-dump/opencsd-operation-use-library,https://www.linaro.org/blog/opencsd-operation-use-library/
/blog/core-dump/stm-and-its-usage,https://www.linaro.org/blog/stm-and-its-usage/
/blog/core-dump/tee-development-with-no-hardware-is-that-possible,https://www.linaro.org/blog/tee-development-with-no-hardware-is-that-possible/
/blog/core-dump/ensuring-bootable-arm-vm-images,https://www.linaro.org/blog/ensuring-bootable-arm-vm-images/
/blog/core-dump/accelerated-aes-for-the-arm64-linux-kernel,https://www.linaro.org/blog/accelerated-aes-for-the-arm64-linux-kernel/
/blog/core-dump/day-2-ospm-summit-pisa-italy,https://www.linaro.org/blog/day-2-ospm-summit-pisa-italy/
#
/blog/core-dump/day-1-ospm-summit-pisa-italy/index.html,https://www.linaro.org/blog/day-1-ospm-summit-pisa-italy/
/blog/core-dump/whats-new-qemu-2-9/index.html,https://www.linaro.org/blog/whats-new-qemu-2-9/
/blog/core-dump/day-1-ospm-summit-pisa-italy,https://www.linaro.org/blog/day-1-ospm-summit-pisa-italy/
/blog/core-dump/whats-new-qemu-2-9,https://www.linaro.org/blog/whats-new-qemu-2-9/
# Page Redirects
/resources/index.html,http://connect.linaro.org/resources
/resources,http://connect.linaro.org/resources
# Edge Slider Redirects
/edge/96boards/index.html,https://www.linaro.org
/edge/96boards,https://www.linaro.org
/edge/connect-friday-before/index.html,https://www.linaro.org
/edge/connect-friday-before,https://www.linaro.org
/edge/linaro/index.html,https://www.linaro.org
/edge/linaro,https://www.linaro.org
/edge/connect-sunday-before/index.html,https://www.linaro.org
/edge/connect-sunday-before,https://www.linaro.org
/edge/connect-friday/index.html,https://www.linaro.org
/edge/connect-friday,https://www.linaro.org
/edge/connect-tuesday/index.html,https://www.linaro.org
/edge/connect-tuesday,https://www.linaro.org
/edge/connect-wednesday/index.html,https://www.linaro.org
/edge/connect-wednesday,https://www.linaro.org
/edge/connect-thursday/index.html,https://www.linaro.org
/edge/connect-thursday,https://www.linaro.org
/edge/testing/index.html,https://www.linaro.org
/edge/testing,https://www.linaro.org
/edge/connect/index.html,https://www.linaro.org
/edge/connect,https://www.linaro.org
/edge/linaro-v2/index.html,https://www.linaro.org
/edge/linaro-v2,https://www.linaro.org
/edge/connect-monday/index.html,https://www.linaro.org
/edge/connect-monday,https://www.linaro.org
/edge/connect-welcome/index.html,https://www.linaro.org
/edge/connect-welcome,https://www.linaro.org
/edge/linaro-v3/index.html,https://www.linaro.org
/edge/linaro-v3,https://www.linaro.org
/edge/linaro-hpc-workshop/index.html,https://www.linaro.org
/edge/linaro-hpc-workshop,https://www.linaro.org
